{
  "title": {
    "spaceWidth": 25.578125,
    "words": {
      "outlay": 267.453125
    }
  },
  "badge": {
    "spaceWidth": 6.09375,
    "words": {
      "v1.3.0": 60.359375,
      "·": 6.125,
      "npm": 45.21875
    }
  },
  "tagline": {
    "spaceWidth": 8.609375,
    "words": {
      "Flexbox": 109.625,
      "and": 52.28125,
      "CSS": 62.5625,
      "Grid,": 67.75,
      "solved": 90.71875,
      "in": 24.125,
      "pure": 62.03125,
      "JavaScript": 146.984375,
      "—": 31,
      "no": 35.03125,
      "browser,": 117.6875,
      "WASM,": 103.765625,
      "async.": 90.15625,
      "Every": 76.921875,
      "box": 52.25,
      "verified": 100.453125,
      "against": 100.484375,
      "Chromium": 144.1875,
      "to": 27.5625,
      "half": 49.953125,
      "a": 16.65625,
      "pixel.": 73.484375
    }
  },
  "statValue": {
    "spaceWidth": 12.21875,
    "words": {
      "0": 24.46875,
      "4,450": 110.09375,
      "0.5px": 111.6875,
      "14ms": 112.421875
    }
  },
  "statLabel": {
    "spaceWidth": 4.71875,
    "words": {
      "Chromium-verified": 140.765625,
      "fixtures": 55.40625,
      "maximum": 74.671875,
      "divergence": 83.28125,
      "to": 15.125,
      "solve": 39.671875,
      "10,000": 52,
      "nodes": 46.921875,
      "core": 33.375,
      "dependencies": 107.078125
    }
  },
  "tag": {
    "spaceWidth": 5,
    "words": {
      "display:": 64.375,
      "grid": 32.359375,
      "flex-wrap": 78.03125,
      "minmax()": 75.6875,
      "auto-fill": 62.703125,
      "aspect-ratio": 100.71875,
      "fit-content": 86.359375,
      "github.com/alechemy/outlay": 237.078125
    }
  }
}
